Codon,AA,CSC
GCT,A,0.24939759
GGT,G,0.213253012
GTC,V,0.201686747
TTG,L,0.200240964
GTT,V,0.191566265
GCC,A,0.175662651
CCA,P,0.15686747
ACT,T,0.145301205
TCT,S,0.143855422
TCC,S,0.135180723
ACC,T,0.126506024
ATC,I,0.112048193
AAG,K,0.101927711
TAC,Y,0.100481928
TTC,F,0.094698795
GAA,E,0.091807229
CGT,R,0.080240964
CAA,Q,0.071566265
CAC,H,0.068674699
AAC,N,0.067228916
GAC,D,0.061445783
ATT,I,0.049879518
AGA,R,0.044096386
CCT,P,0.002168675
GGC,G,-0.00939759
TGG,W,-0.018072289
TGT,C,-0.031084337
TTA,L,-0.035421687
GAT,D,-0.051325301
ATG,M,-0.062891566
TTT,F,-0.077349398
TGC,C,-0.078795181
CAT,H,-0.081686747
GCA,A,-0.08313253
TAT,Y,-0.084578313
CCC,P,-0.084578313
GGG,G,-0.090361446
GTG,V,-0.094698795
GCG,A,-0.097590361
CGC,R,-0.099036145
TCA,S,-0.112048193
GAG,E,-0.116385542
GGA,G,-0.122168675
TCG,S,-0.123614458
CGG,R,-0.125060241
AAT,N,-0.126506024
CTT,L,-0.126506024
CTA,L,-0.126506024
CAG,Q,-0.12939759
CTC,L,-0.13373494
ACA,T,-0.140963855
AGC,S,-0.145301205
AAA,K,-0.145301205
AGT,S,-0.15253012
ACG,T,-0.15253012
CTG,L,-0.162650602
CCG,P,-0.178554217
GTA,V,-0.188674699
AGG,R,-0.190120482
CGA,R,-0.191566265
ATA,I,-0.255180723
